01/01/2018,ADD DATE,ADD TIME,ADD TIME,ADD TIME,ADD TIME,ADD TIME,ADD TIME
02/01/2018,ADD DATE,ADD TIME,ADD TIME,ADD TIME,ADD TIME,ADD TIME,ADD TIME
03/01/2018,ADD DATE,ADD TIME,ADD TIME,ADD TIME,ADD TIME,ADD TIME,ADD TIME
04/01/2018,ADD DATE,ADD TIME,ADD TIME,ADD TIME,ADD TIME,ADD TIME,ADD TIME
05/01/2018,ADD DATE,ADD TIME,ADD TIME,ADD TIME,ADD TIME,ADD TIME,ADD TIME
06/01/2018,ADD DATE,ADD TIME,ADD TIME,ADD TIME,ADD TIME,ADD TIME,ADD TIME
07/01/2018,ADD DATE,ADD TIME,ADD TIME,ADD TIME,ADD TIME,ADD TIME,ADD TIME
08/01/2018,ADD DATE,ADD TIME,ADD TIME,ADD TIME,ADD TIME,ADD TIME,ADD TIME
09/01/2018,ADD DATE,ADD TIME,ADD TIME,ADD TIME,ADD TIME,ADD TIME,ADD TIME
10/01/2018,ADD DATE,ADD TIME,ADD TIME,ADD TIME,ADD TIME,ADD TIME,ADD TIME
11/01/2018,ADD DATE,ADD TIME,ADD TIME,ADD TIME,ADD TIME,ADD TIME,ADD TIME
12/01/2018,ADD DATE,ADD TIME,ADD TIME,ADD TIME,ADD TIME,ADD TIME,ADD TIME
13/01/2018,ADD DATE,ADD TIME,ADD TIME,ADD TIME,ADD TIME,ADD TIME,ADD TIME
14/01/2018,ADD DATE,ADD TIME,ADD TIME,ADD TIME,ADD TIME,ADD TIME,ADD TIME
15/01/2018,ADD DATE,ADD TIME,ADD TIME,ADD TIME,ADD TIME,ADD TIME,ADD TIME
16/01/2018,ADD DATE,ADD TIME,ADD TIME,ADD TIME,ADD TIME,ADD TIME,ADD TIME
17/01/2018,ADD DATE,ADD TIME,ADD TIME,ADD TIME,ADD TIME,ADD TIME,ADD TIME
18/01/2018,ADD DATE,ADD TIME,ADD TIME,ADD TIME,ADD TIME,ADD TIME,ADD TIME
19/01/2018,ADD DATE,ADD TIME,ADD TIME,ADD TIME,ADD TIME,ADD TIME,ADD TIME
20/01/2018,ADD DATE,ADD TIME,ADD TIME,ADD TIME,ADD TIME,ADD TIME,ADD TIME
21/01/2018,ADD DATE,ADD TIME,ADD TIME,ADD TIME,ADD TIME,ADD TIME,ADD TIME
22/01/2018,ADD DATE,ADD TIME,ADD TIME,ADD TIME,ADD TIME,ADD TIME,ADD TIME
23/01/2018,ADD DATE,ADD TIME,ADD TIME,ADD TIME,ADD TIME,ADD TIME,ADD TIME
24/01/2018,ADD DATE,ADD TIME,ADD TIME,ADD TIME,ADD TIME,ADD TIME,ADD TIME
25/01/2018,ADD DATE,ADD TIME,ADD TIME,ADD TIME,ADD TIME,ADD TIME,ADD TIME
26/01/2018,ADD DATE,ADD TIME,ADD TIME,ADD TIME,ADD TIME,ADD TIME,ADD TIME
27/01/2018,ADD DATE,ADD TIME,ADD TIME,ADD TIME,ADD TIME,ADD TIME,ADD TIME
28/01/2018,ADD DATE,ADD TIME,ADD TIME,ADD TIME,ADD TIME,ADD TIME,ADD TIME
29/01/2018,ADD DATE,ADD TIME,ADD TIME,ADD TIME,ADD TIME,ADD TIME,ADD TIME
30/01/2018,ADD DATE,ADD TIME,ADD TIME,ADD TIME,ADD TIME,ADD TIME,ADD TIME
31/01/2018,ADD DATE,ADD TIME,ADD TIME,ADD TIME,ADD TIME,ADD TIME,ADD TIME
01/02/2018,ADD DATE,ADD TIME,ADD TIME,ADD TIME,ADD TIME,ADD TIME,ADD TIME
02/02/2018,ADD DATE,ADD TIME,ADD TIME,ADD TIME,ADD TIME,ADD TIME,ADD TIME
03/02/2018,ADD DATE,ADD TIME,ADD TIME,ADD TIME,ADD TIME,ADD TIME,ADD TIME
04/02/2018,ADD DATE,ADD TIME,ADD TIME,ADD TIME,ADD TIME,ADD TIME,ADD TIME
05/02/2018,ADD DATE,ADD TIME,ADD TIME,ADD TIME,ADD TIME,ADD TIME,ADD TIME
06/02/2018,ADD DATE,ADD TIME,ADD TIME,ADD TIME,ADD TIME,ADD TIME,ADD TIME
07/02/2018,ADD DATE,ADD TIME,ADD TIME,ADD TIME,ADD TIME,ADD TIME,ADD TIME
08/02/2018,ADD DATE,ADD TIME,ADD TIME,ADD TIME,ADD TIME,ADD TIME,ADD TIME
09/02/2018,ADD DATE,ADD TIME,ADD TIME,ADD TIME,ADD TIME,ADD TIME,ADD TIME
10/02/2018,ADD DATE,ADD TIME,ADD TIME,ADD TIME,ADD TIME,ADD TIME,ADD TIME
11/02/2018,ADD DATE,ADD TIME,ADD TIME,ADD TIME,ADD TIME,ADD TIME,ADD TIME
12/02/2018,ADD DATE,ADD TIME,ADD TIME,ADD TIME,ADD TIME,ADD TIME,ADD TIME
13/02/2018,ADD DATE,ADD TIME,ADD TIME,ADD TIME,ADD TIME,ADD TIME,ADD TIME
14/02/2018,ADD DATE,ADD TIME,ADD TIME,ADD TIME,ADD TIME,ADD TIME,ADD TIME
15/02/2018,ADD DATE,ADD TIME,ADD TIME,ADD TIME,ADD TIME,ADD TIME,ADD TIME
16/02/2018,ADD DATE,ADD TIME,ADD TIME,ADD TIME,ADD TIME,ADD TIME,ADD TIME
17/02/2018,ADD DATE,ADD TIME,ADD TIME,ADD TIME,ADD TIME,ADD TIME,ADD TIME
18/02/2018,ADD DATE,ADD TIME,ADD TIME,ADD TIME,ADD TIME,ADD TIME,ADD TIME
19/02/2018,ADD DATE,ADD TIME,ADD TIME,ADD TIME,ADD TIME,ADD TIME,ADD TIME
20/02/2018,ADD DATE,ADD TIME,ADD TIME,ADD TIME,ADD TIME,ADD TIME,ADD TIME
21/02/2018,ADD DATE,ADD TIME,ADD TIME,ADD TIME,ADD TIME,ADD TIME,ADD TIME
22/02/2018,ADD DATE,ADD TIME,ADD TIME,ADD TIME,ADD TIME,ADD TIME,ADD TIME
23/02/2018,ADD DATE,ADD TIME,ADD TIME,ADD TIME,ADD TIME,ADD TIME,ADD TIME
24/02/2018,ADD DATE,ADD TIME,ADD TIME,ADD TIME,ADD TIME,ADD TIME,ADD TIME
25/02/2018,ADD DATE,ADD TIME,ADD TIME,ADD TIME,ADD TIME,ADD TIME,ADD TIME
26/02/2018,ADD DATE,ADD TIME,ADD TIME,ADD TIME,ADD TIME,ADD TIME,ADD TIME
27/02/2018,ADD DATE,ADD TIME,ADD TIME,ADD TIME,ADD TIME,ADD TIME,ADD TIME
28/02/2018,ADD DATE,ADD TIME,ADD TIME,ADD TIME,ADD TIME,ADD TIME,ADD TIME
01/03/2018,ADD DATE,ADD TIME,ADD TIME,ADD TIME,ADD TIME,ADD TIME,ADD TIME
02/03/2018,ADD DATE,ADD TIME,ADD TIME,ADD TIME,ADD TIME,ADD TIME,ADD TIME
03/03/2018,ADD DATE,ADD TIME,ADD TIME,ADD TIME,ADD TIME,ADD TIME,ADD TIME
04/03/2018,ADD DATE,ADD TIME,ADD TIME,ADD TIME,ADD TIME,ADD TIME,ADD TIME
05/03/2018,ADD DATE,ADD TIME,ADD TIME,ADD TIME,ADD TIME,ADD TIME,ADD TIME
06/03/2018,ADD DATE,ADD TIME,ADD TIME,ADD TIME,ADD TIME,ADD TIME,ADD TIME
07/03/2018,ADD DATE,ADD TIME,ADD TIME,ADD TIME,ADD TIME,ADD TIME,ADD TIME
08/03/2018,ADD DATE,ADD TIME,ADD TIME,ADD TIME,ADD TIME,ADD TIME,ADD TIME
09/03/2018,ADD DATE,ADD TIME,ADD TIME,ADD TIME,ADD TIME,ADD TIME,ADD TIME
10/03/2018,ADD DATE,ADD TIME,ADD TIME,ADD TIME,ADD TIME,ADD TIME,ADD TIME
11/03/2018,ADD DATE,ADD TIME,ADD TIME,ADD TIME,ADD TIME,ADD TIME,ADD TIME
12/03/2018,ADD DATE,ADD TIME,ADD TIME,ADD TIME,ADD TIME,ADD TIME,ADD TIME
13/03/2018,ADD DATE,ADD TIME,ADD TIME,ADD TIME,ADD TIME,ADD TIME,ADD TIME
14/03/2018,ADD DATE,ADD TIME,ADD TIME,ADD TIME,ADD TIME,ADD TIME,ADD TIME
15/03/2018,ADD DATE,ADD TIME,ADD TIME,ADD TIME,ADD TIME,ADD TIME,ADD TIME
16/03/2018,ADD DATE,ADD TIME,ADD TIME,ADD TIME,ADD TIME,ADD TIME,ADD TIME
17/03/2018,ADD DATE,ADD TIME,ADD TIME,ADD TIME,ADD TIME,ADD TIME,ADD TIME
18/03/2018,ADD DATE,ADD TIME,ADD TIME,ADD TIME,ADD TIME,ADD TIME,ADD TIME
19/03/2018,ADD DATE,ADD TIME,ADD TIME,ADD TIME,ADD TIME,ADD TIME,ADD TIME
20/03/2018,ADD DATE,ADD TIME,ADD TIME,ADD TIME,ADD TIME,ADD TIME,ADD TIME
21/03/2018,ADD DATE,ADD TIME,ADD TIME,ADD TIME,ADD TIME,ADD TIME,ADD TIME
22/03/2018,ADD DATE,ADD TIME,ADD TIME,ADD TIME,ADD TIME,ADD TIME,ADD TIME
23/03/2018,ADD DATE,ADD TIME,ADD TIME,ADD TIME,ADD TIME,ADD TIME,ADD TIME
24/03/2018,ADD DATE,ADD TIME,ADD TIME,ADD TIME,ADD TIME,ADD TIME,ADD TIME
25/03/2018,ADD DATE,ADD TIME,ADD TIME,ADD TIME,ADD TIME,ADD TIME,ADD TIME
26/03/2018,ADD DATE,ADD TIME,ADD TIME,ADD TIME,ADD TIME,ADD TIME,ADD TIME
27/03/2018,ADD DATE,ADD TIME,ADD TIME,ADD TIME,ADD TIME,ADD TIME,ADD TIME
28/03/2018,ADD DATE,ADD TIME,ADD TIME,ADD TIME,ADD TIME,ADD TIME,ADD TIME
29/03/2018,ADD DATE,ADD TIME,ADD TIME,ADD TIME,ADD TIME,ADD TIME,ADD TIME
30/03/2018,ADD DATE,ADD TIME,ADD TIME,ADD TIME,ADD TIME,ADD TIME,ADD TIME
31/03/2018,ADD DATE,ADD TIME,ADD TIME,ADD TIME,ADD TIME,ADD TIME,ADD TIME
01/04/2018,ADD DATE,ADD TIME,ADD TIME,ADD TIME,ADD TIME,ADD TIME,ADD TIME
02/04/2018,ADD DATE,ADD TIME,ADD TIME,ADD TIME,ADD TIME,ADD TIME,ADD TIME
03/04/2018,ADD DATE,ADD TIME,ADD TIME,ADD TIME,ADD TIME,ADD TIME,ADD TIME
04/04/2018,ADD DATE,ADD TIME,ADD TIME,ADD TIME,ADD TIME,ADD TIME,ADD TIME
05/04/2018,ADD DATE,ADD TIME,ADD TIME,ADD TIME,ADD TIME,ADD TIME,ADD TIME
06/04/2018,ADD DATE,ADD TIME,ADD TIME,ADD TIME,ADD TIME,ADD TIME,ADD TIME
07/04/2018,ADD DATE,ADD TIME,ADD TIME,ADD TIME,ADD TIME,ADD TIME,ADD TIME
08/04/2018,ADD DATE,ADD TIME,ADD TIME,ADD TIME,ADD TIME,ADD TIME,ADD TIME
09/04/2018,ADD DATE,ADD TIME,ADD TIME,ADD TIME,ADD TIME,ADD TIME,ADD TIME
10/04/2018,ADD DATE,ADD TIME,ADD TIME,ADD TIME,ADD TIME,ADD TIME,ADD TIME
11/04/2018,ADD DATE,ADD TIME,ADD TIME,ADD TIME,ADD TIME,ADD TIME,ADD TIME
12/04/2018,ADD DATE,ADD TIME,ADD TIME,ADD TIME,ADD TIME,ADD TIME,ADD TIME
13/04/2018,ADD DATE,ADD TIME,ADD TIME,ADD TIME,ADD TIME,ADD TIME,ADD TIME
14/04/2018,ADD DATE,ADD TIME,ADD TIME,ADD TIME,ADD TIME,ADD TIME,ADD TIME
15/04/2018,ADD DATE,ADD TIME,ADD TIME,ADD TIME,ADD TIME,ADD TIME,ADD TIME
16/04/2018,ADD DATE,ADD TIME,ADD TIME,ADD TIME,ADD TIME,ADD TIME,ADD TIME
17/04/2018,ADD DATE,ADD TIME,ADD TIME,ADD TIME,ADD TIME,ADD TIME,ADD TIME
18/04/2018,ADD DATE,ADD TIME,ADD TIME,ADD TIME,ADD TIME,ADD TIME,ADD TIME
19/04/2018,ADD DATE,ADD TIME,ADD TIME,ADD TIME,ADD TIME,ADD TIME,ADD TIME
20/04/2018,ADD DATE,ADD TIME,ADD TIME,ADD TIME,ADD TIME,ADD TIME,ADD TIME
21/04/2018,ADD DATE,ADD TIME,ADD TIME,ADD TIME,ADD TIME,ADD TIME,ADD TIME
22/04/2018,ADD DATE,ADD TIME,ADD TIME,ADD TIME,ADD TIME,ADD TIME,ADD TIME
23/04/2018,ADD DATE,ADD TIME,ADD TIME,ADD TIME,ADD TIME,ADD TIME,ADD TIME
24/04/2018,ADD DATE,ADD TIME,ADD TIME,ADD TIME,ADD TIME,ADD TIME,ADD TIME
25/04/2018,ADD DATE,ADD TIME,ADD TIME,ADD TIME,ADD TIME,ADD TIME,ADD TIME
26/04/2018,ADD DATE,ADD TIME,ADD TIME,ADD TIME,ADD TIME,ADD TIME,ADD TIME
27/04/2018,ADD DATE,ADD TIME,ADD TIME,ADD TIME,ADD TIME,ADD TIME,ADD TIME
28/04/2018,ADD DATE,ADD TIME,ADD TIME,ADD TIME,ADD TIME,ADD TIME,ADD TIME
29/04/2018,ADD DATE,ADD TIME,ADD TIME,ADD TIME,ADD TIME,ADD TIME,ADD TIME
30/04/2018,ADD DATE,ADD TIME,ADD TIME,ADD TIME,ADD TIME,ADD TIME,ADD TIME
01/05/2018,ADD DATE,ADD TIME,ADD TIME,ADD TIME,ADD TIME,ADD TIME,ADD TIME
02/05/2018,ADD DATE,ADD TIME,ADD TIME,ADD TIME,ADD TIME,ADD TIME,ADD TIME
03/05/2018,ADD DATE,ADD TIME,ADD TIME,ADD TIME,ADD TIME,ADD TIME,ADD TIME
04/05/2018,ADD DATE,ADD TIME,ADD TIME,ADD TIME,ADD TIME,ADD TIME,ADD TIME
05/05/2018,ADD DATE,ADD TIME,ADD TIME,ADD TIME,ADD TIME,ADD TIME,ADD TIME
06/05/2018,ADD DATE,ADD TIME,ADD TIME,ADD TIME,ADD TIME,ADD TIME,ADD TIME
07/05/2018,ADD DATE,ADD TIME,ADD TIME,ADD TIME,ADD TIME,ADD TIME,ADD TIME
08/05/2018,ADD DATE,ADD TIME,ADD TIME,ADD TIME,ADD TIME,ADD TIME,ADD TIME
09/05/2018,ADD DATE,ADD TIME,ADD TIME,ADD TIME,ADD TIME,ADD TIME,ADD TIME
10/05/2018,ADD DATE,ADD TIME,ADD TIME,ADD TIME,ADD TIME,ADD TIME,ADD TIME
11/05/2018,ADD DATE,ADD TIME,ADD TIME,ADD TIME,ADD TIME,ADD TIME,ADD TIME
12/05/2018,ADD DATE,ADD TIME,ADD TIME,ADD TIME,ADD TIME,ADD TIME,ADD TIME
13/05/2018,ADD DATE,ADD TIME,ADD TIME,ADD TIME,ADD TIME,ADD TIME,ADD TIME
14/05/2018,ADD DATE,ADD TIME,ADD TIME,ADD TIME,ADD TIME,ADD TIME,ADD TIME
15/05/2018,ADD DATE,ADD TIME,ADD TIME,ADD TIME,ADD TIME,ADD TIME,ADD TIME
16/05/2018,ADD DATE,ADD TIME,ADD TIME,ADD TIME,ADD TIME,ADD TIME,ADD TIME
17/05/2018,ADD DATE,ADD TIME,ADD TIME,ADD TIME,ADD TIME,ADD TIME,ADD TIME
18/05/2018,ADD DATE,ADD TIME,ADD TIME,ADD TIME,ADD TIME,ADD TIME,ADD TIME
19/05/2018,ADD DATE,ADD TIME,ADD TIME,ADD TIME,ADD TIME,ADD TIME,ADD TIME
20/05/2018,ADD DATE,ADD TIME,ADD TIME,ADD TIME,ADD TIME,ADD TIME,ADD TIME
21/05/2018,ADD DATE,ADD TIME,ADD TIME,ADD TIME,ADD TIME,ADD TIME,ADD TIME
22/05/2018,ADD DATE,ADD TIME,ADD TIME,ADD TIME,ADD TIME,ADD TIME,ADD TIME
23/05/2018,ADD DATE,ADD TIME,ADD TIME,ADD TIME,ADD TIME,ADD TIME,ADD TIME
24/05/2018,ADD DATE,ADD TIME,ADD TIME,ADD TIME,ADD TIME,ADD TIME,ADD TIME
25/05/2018,ADD DATE,ADD TIME,ADD TIME,ADD TIME,ADD TIME,ADD TIME,ADD TIME
26/05/2018,ADD DATE,ADD TIME,ADD TIME,ADD TIME,ADD TIME,ADD TIME,ADD TIME
27/05/2018,ADD DATE,ADD TIME,ADD TIME,ADD TIME,ADD TIME,ADD TIME,ADD TIME
28/05/2018,ADD DATE,ADD TIME,ADD TIME,ADD TIME,ADD TIME,ADD TIME,ADD TIME
29/05/2018,ADD DATE,ADD TIME,ADD TIME,ADD TIME,ADD TIME,ADD TIME,ADD TIME
30/05/2018,ADD DATE,ADD TIME,ADD TIME,ADD TIME,ADD TIME,ADD TIME,ADD TIME
31/05/2018,ADD DATE,ADD TIME,ADD TIME,ADD TIME,ADD TIME,ADD TIME,ADD TIME
01/06/2018,ADD DATE,ADD TIME,ADD TIME,ADD TIME,ADD TIME,ADD TIME,ADD TIME
02/06/2018,ADD DATE,ADD TIME,ADD TIME,ADD TIME,ADD TIME,ADD TIME,ADD TIME
03/06/2018,ADD DATE,ADD TIME,ADD TIME,ADD TIME,ADD TIME,ADD TIME,ADD TIME
04/06/2018,ADD DATE,ADD TIME,ADD TIME,ADD TIME,ADD TIME,ADD TIME,ADD TIME
05/06/2018,ADD DATE,ADD TIME,ADD TIME,ADD TIME,ADD TIME,ADD TIME,ADD TIME
06/06/2018,ADD DATE,ADD TIME,ADD TIME,ADD TIME,ADD TIME,ADD TIME,ADD TIME
07/06/2018,ADD DATE,ADD TIME,ADD TIME,ADD TIME,ADD TIME,ADD TIME,ADD TIME
08/06/2018,ADD DATE,ADD TIME,ADD TIME,ADD TIME,ADD TIME,ADD TIME,ADD TIME
09/06/2018,ADD DATE,ADD TIME,ADD TIME,ADD TIME,ADD TIME,ADD TIME,ADD TIME
10/06/2018,ADD DATE,ADD TIME,ADD TIME,ADD TIME,ADD TIME,ADD TIME,ADD TIME
11/06/2018,ADD DATE,ADD TIME,ADD TIME,ADD TIME,ADD TIME,ADD TIME,ADD TIME
12/06/2018,ADD DATE,ADD TIME,ADD TIME,ADD TIME,ADD TIME,ADD TIME,ADD TIME
13/06/2018,ADD DATE,ADD TIME,ADD TIME,ADD TIME,ADD TIME,ADD TIME,ADD TIME
14/06/2018,ADD DATE,ADD TIME,ADD TIME,ADD TIME,ADD TIME,ADD TIME,ADD TIME
15/06/2018,ADD DATE,ADD TIME,ADD TIME,ADD TIME,ADD TIME,ADD TIME,ADD TIME
16/06/2018,ADD DATE,ADD TIME,ADD TIME,ADD TIME,ADD TIME,ADD TIME,ADD TIME
17/06/2018,ADD DATE,ADD TIME,ADD TIME,ADD TIME,ADD TIME,ADD TIME,ADD TIME
18/06/2018,ADD DATE,ADD TIME,ADD TIME,ADD TIME,ADD TIME,ADD TIME,ADD TIME
19/06/2018,ADD DATE,ADD TIME,ADD TIME,ADD TIME,ADD TIME,ADD TIME,ADD TIME
20/06/2018,ADD DATE,ADD TIME,ADD TIME,ADD TIME,ADD TIME,ADD TIME,ADD TIME
21/06/2018,ADD DATE,ADD TIME,ADD TIME,ADD TIME,ADD TIME,ADD TIME,ADD TIME
22/06/2018,ADD DATE,ADD TIME,ADD TIME,ADD TIME,ADD TIME,ADD TIME,ADD TIME
23/06/2018,ADD DATE,ADD TIME,ADD TIME,ADD TIME,ADD TIME,ADD TIME,ADD TIME
24/06/2018,ADD DATE,ADD TIME,ADD TIME,ADD TIME,ADD TIME,ADD TIME,ADD TIME
25/06/2018,ADD DATE,ADD TIME,ADD TIME,ADD TIME,ADD TIME,ADD TIME,ADD TIME
26/06/2018,ADD DATE,ADD TIME,ADD TIME,ADD TIME,ADD TIME,ADD TIME,ADD TIME
27/06/2018,ADD DATE,ADD TIME,ADD TIME,ADD TIME,ADD TIME,ADD TIME,ADD TIME
28/06/2018,ADD DATE,ADD TIME,ADD TIME,ADD TIME,ADD TIME,ADD TIME,ADD TIME
29/06/2018,ADD DATE,ADD TIME,ADD TIME,ADD TIME,ADD TIME,ADD TIME,ADD TIME
30/06/2018,ADD DATE,ADD TIME,ADD TIME,ADD TIME,ADD TIME,ADD TIME,ADD TIME
01/07/2018,ADD DATE,ADD TIME,ADD TIME,ADD TIME,ADD TIME,ADD TIME,ADD TIME
02/07/2018,ADD DATE,ADD TIME,ADD TIME,ADD TIME,ADD TIME,ADD TIME,ADD TIME
03/07/2018,ADD DATE,ADD TIME,ADD TIME,ADD TIME,ADD TIME,ADD TIME,ADD TIME
04/07/2018,ADD DATE,ADD TIME,ADD TIME,ADD TIME,ADD TIME,ADD TIME,ADD TIME
05/07/2018,ADD DATE,ADD TIME,ADD TIME,ADD TIME,ADD TIME,ADD TIME,ADD TIME
06/07/2018,ADD DATE,ADD TIME,ADD TIME,ADD TIME,ADD TIME,ADD TIME,ADD TIME
07/07/2018,ADD DATE,ADD TIME,ADD TIME,ADD TIME,ADD TIME,ADD TIME,ADD TIME
08/07/2018,ADD DATE,ADD TIME,ADD TIME,ADD TIME,ADD TIME,ADD TIME,ADD TIME
09/07/2018,ADD DATE,ADD TIME,ADD TIME,ADD TIME,ADD TIME,ADD TIME,ADD TIME
10/07/2018,ADD DATE,ADD TIME,ADD TIME,ADD TIME,ADD TIME,ADD TIME,ADD TIME
11/07/2018,ADD DATE,ADD TIME,ADD TIME,ADD TIME,ADD TIME,ADD TIME,ADD TIME
12/07/2018,ADD DATE,ADD TIME,ADD TIME,ADD TIME,ADD TIME,ADD TIME,ADD TIME
13/07/2018,ADD DATE,ADD TIME,ADD TIME,ADD TIME,ADD TIME,ADD TIME,ADD TIME
14/07/2018,ADD DATE,ADD TIME,ADD TIME,ADD TIME,ADD TIME,ADD TIME,ADD TIME
15/07/2018,ADD DATE,ADD TIME,ADD TIME,ADD TIME,ADD TIME,ADD TIME,ADD TIME
16/07/2018,ADD DATE,ADD TIME,ADD TIME,ADD TIME,ADD TIME,ADD TIME,ADD TIME
17/07/2018,ADD DATE,ADD TIME,ADD TIME,ADD TIME,ADD TIME,ADD TIME,ADD TIME
18/07/2018,ADD DATE,ADD TIME,ADD TIME,ADD TIME,ADD TIME,ADD TIME,ADD TIME
19/07/2018,ADD DATE,ADD TIME,ADD TIME,ADD TIME,ADD TIME,ADD TIME,ADD TIME
20/07/2018,ADD DATE,ADD TIME,ADD TIME,ADD TIME,ADD TIME,ADD TIME,ADD TIME
21/07/2018,ADD DATE,ADD TIME,ADD TIME,ADD TIME,ADD TIME,ADD TIME,ADD TIME
22/07/2018,ADD DATE,ADD TIME,ADD TIME,ADD TIME,ADD TIME,ADD TIME,ADD TIME
23/07/2018,ADD DATE,ADD TIME,ADD TIME,ADD TIME,ADD TIME,ADD TIME,ADD TIME
24/07/2018,ADD DATE,ADD TIME,ADD TIME,ADD TIME,ADD TIME,ADD TIME,ADD TIME
25/07/2018,ADD DATE,ADD TIME,ADD TIME,ADD TIME,ADD TIME,ADD TIME,ADD TIME
26/07/2018,ADD DATE,ADD TIME,ADD TIME,ADD TIME,ADD TIME,ADD TIME,ADD TIME
27/07/2018,ADD DATE,ADD TIME,ADD TIME,ADD TIME,ADD TIME,ADD TIME,ADD TIME
28/07/2018,ADD DATE,ADD TIME,ADD TIME,ADD TIME,ADD TIME,ADD TIME,ADD TIME
29/07/2018,ADD DATE,ADD TIME,ADD TIME,ADD TIME,ADD TIME,ADD TIME,ADD TIME
30/07/2018,ADD DATE,ADD TIME,ADD TIME,ADD TIME,ADD TIME,ADD TIME,ADD TIME
31/07/2018,ADD DATE,ADD TIME,ADD TIME,ADD TIME,ADD TIME,ADD TIME,ADD TIME
01/08/2018,ADD DATE,ADD TIME,ADD TIME,ADD TIME,ADD TIME,ADD TIME,ADD TIME
02/08/2018,ADD DATE,ADD TIME,ADD TIME,ADD TIME,ADD TIME,ADD TIME,ADD TIME
03/08/2018,ADD DATE,ADD TIME,ADD TIME,ADD TIME,ADD TIME,ADD TIME,ADD TIME
04/08/2018,ADD DATE,ADD TIME,ADD TIME,ADD TIME,ADD TIME,ADD TIME,ADD TIME
05/08/2018,ADD DATE,ADD TIME,ADD TIME,ADD TIME,ADD TIME,ADD TIME,ADD TIME
06/08/2018,ADD DATE,ADD TIME,ADD TIME,ADD TIME,ADD TIME,ADD TIME,ADD TIME
07/08/2018,ADD DATE,ADD TIME,ADD TIME,ADD TIME,ADD TIME,ADD TIME,ADD TIME
08/08/2018,ADD DATE,ADD TIME,ADD TIME,ADD TIME,ADD TIME,ADD TIME,ADD TIME
09/08/2018,ADD DATE,ADD TIME,ADD TIME,ADD TIME,ADD TIME,ADD TIME,ADD TIME
10/08/2018,ADD DATE,ADD TIME,ADD TIME,ADD TIME,ADD TIME,ADD TIME,ADD TIME
11/08/2018,ADD DATE,ADD TIME,ADD TIME,ADD TIME,ADD TIME,ADD TIME,ADD TIME
12/08/2018,ADD DATE,ADD TIME,ADD TIME,ADD TIME,ADD TIME,ADD TIME,ADD TIME
13/08/2018,ADD DATE,ADD TIME,ADD TIME,ADD TIME,ADD TIME,ADD TIME,ADD TIME
14/08/2018,ADD DATE,ADD TIME,ADD TIME,ADD TIME,ADD TIME,ADD TIME,ADD TIME
15/08/2018,ADD DATE,ADD TIME,ADD TIME,ADD TIME,ADD TIME,ADD TIME,ADD TIME
16/08/2018,ADD DATE,ADD TIME,ADD TIME,ADD TIME,ADD TIME,ADD TIME,ADD TIME
17/08/2018,ADD DATE,ADD TIME,ADD TIME,ADD TIME,ADD TIME,ADD TIME,ADD TIME
18/08/2018,ADD DATE,ADD TIME,ADD TIME,ADD TIME,ADD TIME,ADD TIME,ADD TIME
19/08/2018,ADD DATE,ADD TIME,ADD TIME,ADD TIME,ADD TIME,ADD TIME,ADD TIME
20/08/2018,ADD DATE,ADD TIME,ADD TIME,ADD TIME,ADD TIME,ADD TIME,ADD TIME
21/08/2018,ADD DATE,ADD TIME,ADD TIME,ADD TIME,ADD TIME,ADD TIME,ADD TIME
22/08/2018,ADD DATE,ADD TIME,ADD TIME,ADD TIME,ADD TIME,ADD TIME,ADD TIME
23/08/2018,ADD DATE,ADD TIME,ADD TIME,ADD TIME,ADD TIME,ADD TIME,ADD TIME
24/08/2018,ADD DATE,ADD TIME,ADD TIME,ADD TIME,ADD TIME,ADD TIME,ADD TIME
25/08/2018,ADD DATE,ADD TIME,ADD TIME,ADD TIME,ADD TIME,ADD TIME,ADD TIME
26/08/2018,ADD DATE,ADD TIME,ADD TIME,ADD TIME,ADD TIME,ADD TIME,ADD TIME
27/08/2018,ADD DATE,ADD TIME,ADD TIME,ADD TIME,ADD TIME,ADD TIME,ADD TIME
28/08/2018,ADD DATE,ADD TIME,ADD TIME,ADD TIME,ADD TIME,ADD TIME,ADD TIME
29/08/2018,ADD DATE,ADD TIME,ADD TIME,ADD TIME,ADD TIME,ADD TIME,ADD TIME
30/08/2018,ADD DATE,ADD TIME,ADD TIME,ADD TIME,ADD TIME,ADD TIME,ADD TIME
31/08/2018,ADD DATE,ADD TIME,ADD TIME,ADD TIME,ADD TIME,ADD TIME,ADD TIME
01/09/2018,ADD DATE,ADD TIME,ADD TIME,ADD TIME,ADD TIME,ADD TIME,ADD TIME
02/09/2018,ADD DATE,ADD TIME,ADD TIME,ADD TIME,ADD TIME,ADD TIME,ADD TIME
03/09/2018,ADD DATE,ADD TIME,ADD TIME,ADD TIME,ADD TIME,ADD TIME,ADD TIME
04/09/2018,ADD DATE,ADD TIME,ADD TIME,ADD TIME,ADD TIME,ADD TIME,ADD TIME
05/09/2018,ADD DATE,ADD TIME,ADD TIME,ADD TIME,ADD TIME,ADD TIME,ADD TIME
06/09/2018,ADD DATE,ADD TIME,ADD TIME,ADD TIME,ADD TIME,ADD TIME,ADD TIME
07/09/2018,ADD DATE,ADD TIME,ADD TIME,ADD TIME,ADD TIME,ADD TIME,ADD TIME
08/09/2018,ADD DATE,ADD TIME,ADD TIME,ADD TIME,ADD TIME,ADD TIME,ADD TIME
09/09/2018,ADD DATE,ADD TIME,ADD TIME,ADD TIME,ADD TIME,ADD TIME,ADD TIME
10/09/2018,ADD DATE,ADD TIME,ADD TIME,ADD TIME,ADD TIME,ADD TIME,ADD TIME
11/09/2018,ADD DATE,ADD TIME,ADD TIME,ADD TIME,ADD TIME,ADD TIME,ADD TIME
12/09/2018,ADD DATE,ADD TIME,ADD TIME,ADD TIME,ADD TIME,ADD TIME,ADD TIME
13/09/2018,ADD DATE,ADD TIME,ADD TIME,ADD TIME,ADD TIME,ADD TIME,ADD TIME
14/09/2018,ADD DATE,ADD TIME,ADD TIME,ADD TIME,ADD TIME,ADD TIME,ADD TIME
15/09/2018,ADD DATE,ADD TIME,ADD TIME,ADD TIME,ADD TIME,ADD TIME,ADD TIME
16/09/2018,ADD DATE,ADD TIME,ADD TIME,ADD TIME,ADD TIME,ADD TIME,ADD TIME
17/09/2018,ADD DATE,ADD TIME,ADD TIME,ADD TIME,ADD TIME,ADD TIME,ADD TIME
18/09/2018,ADD DATE,ADD TIME,ADD TIME,ADD TIME,ADD TIME,ADD TIME,ADD TIME
19/09/2018,ADD DATE,ADD TIME,ADD TIME,ADD TIME,ADD TIME,ADD TIME,ADD TIME
20/09/2018,ADD DATE,ADD TIME,ADD TIME,ADD TIME,ADD TIME,ADD TIME,ADD TIME
21/09/2018,ADD DATE,ADD TIME,ADD TIME,ADD TIME,ADD TIME,ADD TIME,ADD TIME
22/09/2018,ADD DATE,ADD TIME,ADD TIME,ADD TIME,ADD TIME,ADD TIME,ADD TIME
23/09/2018,ADD DATE,ADD TIME,ADD TIME,ADD TIME,ADD TIME,ADD TIME,ADD TIME
24/09/2018,ADD DATE,ADD TIME,ADD TIME,ADD TIME,ADD TIME,ADD TIME,ADD TIME
25/09/2018,ADD DATE,ADD TIME,ADD TIME,ADD TIME,ADD TIME,ADD TIME,ADD TIME
26/09/2018,ADD DATE,ADD TIME,ADD TIME,ADD TIME,ADD TIME,ADD TIME,ADD TIME
27/09/2018,ADD DATE,ADD TIME,ADD TIME,ADD TIME,ADD TIME,ADD TIME,ADD TIME
28/09/2018,ADD DATE,ADD TIME,ADD TIME,ADD TIME,ADD TIME,ADD TIME,ADD TIME
29/09/2018,ADD DATE,ADD TIME,ADD TIME,ADD TIME,ADD TIME,ADD TIME,ADD TIME
30/09/2018,ADD DATE,ADD TIME,ADD TIME,ADD TIME,ADD TIME,ADD TIME,ADD TIME
01/10/2018,ADD DATE,ADD TIME,ADD TIME,ADD TIME,ADD TIME,ADD TIME,ADD TIME
02/10/2018,ADD DATE,ADD TIME,ADD TIME,ADD TIME,ADD TIME,ADD TIME,ADD TIME
03/10/2018,ADD DATE,ADD TIME,ADD TIME,ADD TIME,ADD TIME,ADD TIME,ADD TIME
04/10/2018,ADD DATE,ADD TIME,ADD TIME,ADD TIME,ADD TIME,ADD TIME,ADD TIME
05/10/2018,ADD DATE,ADD TIME,ADD TIME,ADD TIME,ADD TIME,ADD TIME,ADD TIME
06/10/2018,ADD DATE,ADD TIME,ADD TIME,ADD TIME,ADD TIME,ADD TIME,ADD TIME
07/10/2018,ADD DATE,ADD TIME,ADD TIME,ADD TIME,ADD TIME,ADD TIME,ADD TIME
08/10/2018,ADD DATE,ADD TIME,ADD TIME,ADD TIME,ADD TIME,ADD TIME,ADD TIME
09/10/2018,ADD DATE,ADD TIME,ADD TIME,ADD TIME,ADD TIME,ADD TIME,ADD TIME
10/10/2018,ADD DATE,ADD TIME,ADD TIME,ADD TIME,ADD TIME,ADD TIME,ADD TIME
11/10/2018,ADD DATE,ADD TIME,ADD TIME,ADD TIME,ADD TIME,ADD TIME,ADD TIME
12/10/2018,ADD DATE,ADD TIME,ADD TIME,ADD TIME,ADD TIME,ADD TIME,ADD TIME
13/10/2018,ADD DATE,ADD TIME,ADD TIME,ADD TIME,ADD TIME,ADD TIME,ADD TIME
14/10/2018,ADD DATE,ADD TIME,ADD TIME,ADD TIME,ADD TIME,ADD TIME,ADD TIME
15/10/2018,ADD DATE,ADD TIME,ADD TIME,ADD TIME,ADD TIME,ADD TIME,ADD TIME
16/10/2018,ADD DATE,ADD TIME,ADD TIME,ADD TIME,ADD TIME,ADD TIME,ADD TIME
17/10/2018,ADD DATE,ADD TIME,ADD TIME,ADD TIME,ADD TIME,ADD TIME,ADD TIME
18/10/2018,ADD DATE,ADD TIME,ADD TIME,ADD TIME,ADD TIME,ADD TIME,ADD TIME
19/10/2018,ADD DATE,ADD TIME,ADD TIME,ADD TIME,ADD TIME,ADD TIME,ADD TIME
20/10/2018,ADD DATE,ADD TIME,ADD TIME,ADD TIME,ADD TIME,ADD TIME,ADD TIME
21/10/2018,ADD DATE,ADD TIME,ADD TIME,ADD TIME,ADD TIME,ADD TIME,ADD TIME
22/10/2018,ADD DATE,ADD TIME,ADD TIME,ADD TIME,ADD TIME,ADD TIME,ADD TIME
23/10/2018,ADD DATE,ADD TIME,ADD TIME,ADD TIME,ADD TIME,ADD TIME,ADD TIME
24/10/2018,ADD DATE,ADD TIME,ADD TIME,ADD TIME,ADD TIME,ADD TIME,ADD TIME
25/10/2018,ADD DATE,ADD TIME,ADD TIME,ADD TIME,ADD TIME,ADD TIME,ADD TIME
26/10/2018,ADD DATE,ADD TIME,ADD TIME,ADD TIME,ADD TIME,ADD TIME,ADD TIME
27/10/2018,ADD DATE,ADD TIME,ADD TIME,ADD TIME,ADD TIME,ADD TIME,ADD TIME
28/10/2018,ADD DATE,ADD TIME,ADD TIME,ADD TIME,ADD TIME,ADD TIME,ADD TIME
29/10/2018,ADD DATE,ADD TIME,ADD TIME,ADD TIME,ADD TIME,ADD TIME,ADD TIME
30/10/2018,ADD DATE,ADD TIME,ADD TIME,ADD TIME,ADD TIME,ADD TIME,ADD TIME
31/10/2018,ADD DATE,ADD TIME,ADD TIME,ADD TIME,ADD TIME,ADD TIME,ADD TIME
01/11/2018,ADD DATE,ADD TIME,ADD TIME,ADD TIME,ADD TIME,ADD TIME,ADD TIME
02/11/2018,ADD DATE,ADD TIME,ADD TIME,ADD TIME,ADD TIME,ADD TIME,ADD TIME
03/11/2018,ADD DATE,ADD TIME,ADD TIME,ADD TIME,ADD TIME,ADD TIME,ADD TIME
04/11/2018,ADD DATE,ADD TIME,ADD TIME,ADD TIME,ADD TIME,ADD TIME,ADD TIME
05/11/2018,ADD DATE,ADD TIME,ADD TIME,ADD TIME,ADD TIME,ADD TIME,ADD TIME
06/11/2018,ADD DATE,ADD TIME,ADD TIME,ADD TIME,ADD TIME,ADD TIME,ADD TIME
07/11/2018,ADD DATE,ADD TIME,ADD TIME,ADD TIME,ADD TIME,ADD TIME,ADD TIME
08/11/2018,ADD DATE,ADD TIME,ADD TIME,ADD TIME,ADD TIME,ADD TIME,ADD TIME
09/11/2018,ADD DATE,ADD TIME,ADD TIME,ADD TIME,ADD TIME,ADD TIME,ADD TIME
10/11/2018,ADD DATE,ADD TIME,ADD TIME,ADD TIME,ADD TIME,ADD TIME,ADD TIME
11/11/2018,ADD DATE,ADD TIME,ADD TIME,ADD TIME,ADD TIME,ADD TIME,ADD TIME
12/11/2018,ADD DATE,ADD TIME,ADD TIME,ADD TIME,ADD TIME,ADD TIME,ADD TIME
13/11/2018,ADD DATE,ADD TIME,ADD TIME,ADD TIME,ADD TIME,ADD TIME,ADD TIME
14/11/2018,ADD DATE,ADD TIME,ADD TIME,ADD TIME,ADD TIME,ADD TIME,ADD TIME
15/11/2018,ADD DATE,ADD TIME,ADD TIME,ADD TIME,ADD TIME,ADD TIME,ADD TIME
16/11/2018,ADD DATE,ADD TIME,ADD TIME,ADD TIME,ADD TIME,ADD TIME,ADD TIME
17/11/2018,ADD DATE,ADD TIME,ADD TIME,ADD TIME,ADD TIME,ADD TIME,ADD TIME
18/11/2018,ADD DATE,ADD TIME,ADD TIME,ADD TIME,ADD TIME,ADD TIME,ADD TIME
19/11/2018,ADD DATE,ADD TIME,ADD TIME,ADD TIME,ADD TIME,ADD TIME,ADD TIME
20/11/2018,ADD DATE,ADD TIME,ADD TIME,ADD TIME,ADD TIME,ADD TIME,ADD TIME
21/11/2018,ADD DATE,ADD TIME,ADD TIME,ADD TIME,ADD TIME,ADD TIME,ADD TIME
22/11/2018,ADD DATE,ADD TIME,ADD TIME,ADD TIME,ADD TIME,ADD TIME,ADD TIME
23/11/2018,ADD DATE,ADD TIME,ADD TIME,ADD TIME,ADD TIME,ADD TIME,ADD TIME
24/11/2018,ADD DATE,ADD TIME,ADD TIME,ADD TIME,ADD TIME,ADD TIME,ADD TIME
25/11/2018,ADD DATE,ADD TIME,ADD TIME,ADD TIME,ADD TIME,ADD TIME,ADD TIME
26/11/2018,ADD DATE,ADD TIME,ADD TIME,ADD TIME,ADD TIME,ADD TIME,ADD TIME
27/11/2018,ADD DATE,ADD TIME,ADD TIME,ADD TIME,ADD TIME,ADD TIME,ADD TIME
28/11/2018,ADD DATE,ADD TIME,ADD TIME,ADD TIME,ADD TIME,ADD TIME,ADD TIME
29/11/2018,ADD DATE,ADD TIME,ADD TIME,ADD TIME,ADD TIME,ADD TIME,ADD TIME
30/11/2018,ADD DATE,ADD TIME,ADD TIME,ADD TIME,ADD TIME,ADD TIME,ADD TIME
01/12/2018,ADD DATE,ADD TIME,ADD TIME,ADD TIME,ADD TIME,ADD TIME,ADD TIME
02/12/2018,ADD DATE,ADD TIME,ADD TIME,ADD TIME,ADD TIME,ADD TIME,ADD TIME
03/12/2018,ADD DATE,ADD TIME,ADD TIME,ADD TIME,ADD TIME,ADD TIME,ADD TIME
04/12/2018,ADD DATE,ADD TIME,ADD TIME,ADD TIME,ADD TIME,ADD TIME,ADD TIME
05/12/2018,ADD DATE,ADD TIME,ADD TIME,ADD TIME,ADD TIME,ADD TIME,ADD TIME
06/12/2018,ADD DATE,ADD TIME,ADD TIME,ADD TIME,ADD TIME,ADD TIME,ADD TIME
07/12/2018,ADD DATE,ADD TIME,ADD TIME,ADD TIME,ADD TIME,ADD TIME,ADD TIME
08/12/2018,ADD DATE,ADD TIME,ADD TIME,ADD TIME,ADD TIME,ADD TIME,ADD TIME
09/12/2018,ADD DATE,ADD TIME,ADD TIME,ADD TIME,ADD TIME,ADD TIME,ADD TIME
10/12/2018,ADD DATE,ADD TIME,ADD TIME,ADD TIME,ADD TIME,ADD TIME,ADD TIME
11/12/2018,ADD DATE,ADD TIME,ADD TIME,ADD TIME,ADD TIME,ADD TIME,ADD TIME
12/12/2018,ADD DATE,ADD TIME,ADD TIME,ADD TIME,ADD TIME,ADD TIME,ADD TIME
13/12/2018,ADD DATE,ADD TIME,ADD TIME,ADD TIME,ADD TIME,ADD TIME,ADD TIME
14/12/2018,ADD DATE,ADD TIME,ADD TIME,ADD TIME,ADD TIME,ADD TIME,ADD TIME
15/12/2018,ADD DATE,ADD TIME,ADD TIME,ADD TIME,ADD TIME,ADD TIME,ADD TIME
16/12/2018,ADD DATE,ADD TIME,ADD TIME,ADD TIME,ADD TIME,ADD TIME,ADD TIME
17/12/2018,ADD DATE,ADD TIME,ADD TIME,ADD TIME,ADD TIME,ADD TIME,ADD TIME
18/12/2018,ADD DATE,ADD TIME,ADD TIME,ADD TIME,ADD TIME,ADD TIME,ADD TIME
19/12/2018,ADD DATE,ADD TIME,ADD TIME,ADD TIME,ADD TIME,ADD TIME,ADD TIME
20/12/2018,ADD DATE,ADD TIME,ADD TIME,ADD TIME,ADD TIME,ADD TIME,ADD TIME
21/12/2018,ADD DATE,ADD TIME,ADD TIME,ADD TIME,ADD TIME,ADD TIME,ADD TIME
22/12/2018,ADD DATE,ADD TIME,ADD TIME,ADD TIME,ADD TIME,ADD TIME,ADD TIME
23/12/2018,ADD DATE,ADD TIME,ADD TIME,ADD TIME,ADD TIME,ADD TIME,ADD TIME
24/12/2018,ADD DATE,ADD TIME,ADD TIME,ADD TIME,ADD TIME,ADD TIME,ADD TIME
25/12/2018,ADD DATE,ADD TIME,ADD TIME,ADD TIME,ADD TIME,ADD TIME,ADD TIME
26/12/2018,ADD DATE,ADD TIME,ADD TIME,ADD TIME,ADD TIME,ADD TIME,ADD TIME
27/12/2018,ADD DATE,ADD TIME,ADD TIME,ADD TIME,ADD TIME,ADD TIME,ADD TIME
28/12/2018,ADD DATE,ADD TIME,ADD TIME,ADD TIME,ADD TIME,ADD TIME,ADD TIME
29/12/2018,ADD DATE,ADD TIME,ADD TIME,ADD TIME,ADD TIME,ADD TIME,ADD TIME
30/12/2018,ADD DATE,ADD TIME,ADD TIME,ADD TIME,ADD TIME,ADD TIME,ADD TIME
31/12/2018,ADD DATE,ADD TIME,ADD TIME,ADD TIME,ADD TIME,ADD TIME,ADD TIME
01/01/2019,ADD DATE,ADD TIME,ADD TIME,ADD TIME,ADD TIME,ADD TIME,ADD TIME
02/01/2019,ADD DATE,ADD TIME,ADD TIME,ADD TIME,ADD TIME,ADD TIME,ADD TIME
03/01/2019,ADD DATE,ADD TIME,ADD TIME,ADD TIME,ADD TIME,ADD TIME,ADD TIME
04/01/2019,ADD DATE,ADD TIME,ADD TIME,ADD TIME,ADD TIME,ADD TIME,ADD TIME
05/01/2019,ADD DATE,ADD TIME,ADD TIME,ADD TIME,ADD TIME,ADD TIME,ADD TIME
06/01/2019,ADD DATE,ADD TIME,ADD TIME,ADD TIME,ADD TIME,ADD TIME,ADD TIME
07/01/2019,ADD DATE,ADD TIME,ADD TIME,ADD TIME,ADD TIME,ADD TIME,ADD TIME
08/01/2019,ADD DATE,ADD TIME,ADD TIME,ADD TIME,ADD TIME,ADD TIME,ADD TIME
09/01/2019,ADD DATE,ADD TIME,ADD TIME,ADD TIME,ADD TIME,ADD TIME,ADD TIME
10/01/2019,ADD DATE,ADD TIME,ADD TIME,ADD TIME,ADD TIME,ADD TIME,ADD TIME
11/01/2019,ADD DATE,ADD TIME,ADD TIME,ADD TIME,ADD TIME,ADD TIME,ADD TIME
12/01/2019,ADD DATE,ADD TIME,ADD TIME,ADD TIME,ADD TIME,ADD TIME,ADD TIME
13/01/2019,ADD DATE,ADD TIME,ADD TIME,ADD TIME,ADD TIME,ADD TIME,ADD TIME
14/01/2019,ADD DATE,ADD TIME,ADD TIME,ADD TIME,ADD TIME,ADD TIME,ADD TIME
15/01/2019,ADD DATE,ADD TIME,ADD TIME,ADD TIME,ADD TIME,ADD TIME,ADD TIME
16/01/2019,ADD DATE,ADD TIME,ADD TIME,ADD TIME,ADD TIME,ADD TIME,ADD TIME
17/01/2019,ADD DATE,ADD TIME,ADD TIME,ADD TIME,ADD TIME,ADD TIME,ADD TIME
18/01/2019,ADD DATE,ADD TIME,ADD TIME,ADD TIME,ADD TIME,ADD TIME,ADD TIME
19/01/2019,ADD DATE,ADD TIME,ADD TIME,ADD TIME,ADD TIME,ADD TIME,ADD TIME
20/01/2019,ADD DATE,ADD TIME,ADD TIME,ADD TIME,ADD TIME,ADD TIME,ADD TIME
21/01/2019,ADD DATE,ADD TIME,ADD TIME,ADD TIME,ADD TIME,ADD TIME,ADD TIME
22/01/2019,ADD DATE,ADD TIME,ADD TIME,ADD TIME,ADD TIME,ADD TIME,ADD TIME
23/01/2019,ADD DATE,ADD TIME,ADD TIME,ADD TIME,ADD TIME,ADD TIME,ADD TIME
24/01/2019,ADD DATE,ADD TIME,ADD TIME,ADD TIME,ADD TIME,ADD TIME,ADD TIME
25/01/2019,ADD DATE,ADD TIME,ADD TIME,ADD TIME,ADD TIME,ADD TIME,ADD TIME
26/01/2019,ADD DATE,ADD TIME,ADD TIME,ADD TIME,ADD TIME,ADD TIME,ADD TIME
27/01/2019,ADD DATE,ADD TIME,ADD TIME,ADD TIME,ADD TIME,ADD TIME,ADD TIME
28/01/2019,ADD DATE,ADD TIME,ADD TIME,ADD TIME,ADD TIME,ADD TIME,ADD TIME
29/01/2019,ADD DATE,ADD TIME,ADD TIME,ADD TIME,ADD TIME,ADD TIME,ADD TIME
30/01/2019,ADD DATE,ADD TIME,ADD TIME,ADD TIME,ADD TIME,ADD TIME,ADD TIME
31/01/2019,ADD DATE,ADD TIME,ADD TIME,ADD TIME,ADD TIME,ADD TIME,ADD TIME
01/02/2019,ADD DATE,ADD TIME,ADD TIME,ADD TIME,ADD TIME,ADD TIME,ADD TIME
02/02/2019,ADD DATE,ADD TIME,ADD TIME,ADD TIME,ADD TIME,ADD TIME,ADD TIME
03/02/2019,ADD DATE,ADD TIME,ADD TIME,ADD TIME,ADD TIME,ADD TIME,ADD TIME
04/02/2019,ADD DATE,ADD TIME,ADD TIME,ADD TIME,ADD TIME,ADD TIME,ADD TIME
05/02/2019,ADD DATE,ADD TIME,ADD TIME,ADD TIME,ADD TIME,ADD TIME,ADD TIME
06/02/2019,ADD DATE,ADD TIME,ADD TIME,ADD TIME,ADD TIME,ADD TIME,ADD TIME
07/02/2019,ADD DATE,ADD TIME,ADD TIME,ADD TIME,ADD TIME,ADD TIME,ADD TIME
08/02/2019,ADD DATE,ADD TIME,ADD TIME,ADD TIME,ADD TIME,ADD TIME,ADD TIME
09/02/2019,ADD DATE,ADD TIME,ADD TIME,ADD TIME,ADD TIME,ADD TIME,ADD TIME
10/02/2019,ADD DATE,ADD TIME,ADD TIME,ADD TIME,ADD TIME,ADD TIME,ADD TIME
11/02/2019,ADD DATE,ADD TIME,ADD TIME,ADD TIME,ADD TIME,ADD TIME,ADD TIME
12/02/2019,ADD DATE,ADD TIME,ADD TIME,ADD TIME,ADD TIME,ADD TIME,ADD TIME
13/02/2019,ADD DATE,ADD TIME,ADD TIME,ADD TIME,ADD TIME,ADD TIME,ADD TIME
14/02/2019,ADD DATE,ADD TIME,ADD TIME,ADD TIME,ADD TIME,ADD TIME,ADD TIME
15/02/2019,ADD DATE,ADD TIME,ADD TIME,ADD TIME,ADD TIME,ADD TIME,ADD TIME
16/02/2019,ADD DATE,ADD TIME,ADD TIME,ADD TIME,ADD TIME,ADD TIME,ADD TIME
17/02/2019,ADD DATE,ADD TIME,ADD TIME,ADD TIME,ADD TIME,ADD TIME,ADD TIME
18/02/2019,ADD DATE,ADD TIME,ADD TIME,ADD TIME,ADD TIME,ADD TIME,ADD TIME
19/02/2019,ADD DATE,ADD TIME,ADD TIME,ADD TIME,ADD TIME,ADD TIME,ADD TIME
20/02/2019,ADD DATE,ADD TIME,ADD TIME,ADD TIME,ADD TIME,ADD TIME,ADD TIME
21/02/2019,ADD DATE,ADD TIME,ADD TIME,ADD TIME,ADD TIME,ADD TIME,ADD TIME
22/02/2019,ADD DATE,ADD TIME,ADD TIME,ADD TIME,ADD TIME,ADD TIME,ADD TIME
23/02/2019,ADD DATE,ADD TIME,ADD TIME,ADD TIME,ADD TIME,ADD TIME,ADD TIME
24/02/2019,ADD DATE,ADD TIME,ADD TIME,ADD TIME,ADD TIME,ADD TIME,ADD TIME
25/02/2019,ADD DATE,ADD TIME,ADD TIME,ADD TIME,ADD TIME,ADD TIME,ADD TIME
26/02/2019,ADD DATE,ADD TIME,ADD TIME,ADD TIME,ADD TIME,ADD TIME,ADD TIME
27/02/2019,ADD DATE,ADD TIME,ADD TIME,ADD TIME,ADD TIME,ADD TIME,ADD TIME
28/02/2019,ADD DATE,ADD TIME,ADD TIME,ADD TIME,ADD TIME,ADD TIME,ADD TIME
01/03/2019,ADD DATE,ADD TIME,ADD TIME,ADD TIME,ADD TIME,ADD TIME,ADD TIME
02/03/2019,ADD DATE,ADD TIME,ADD TIME,ADD TIME,ADD TIME,ADD TIME,ADD TIME
03/03/2019,ADD DATE,ADD TIME,ADD TIME,ADD TIME,ADD TIME,ADD TIME,ADD TIME
04/03/2019,ADD DATE,ADD TIME,ADD TIME,ADD TIME,ADD TIME,ADD TIME,ADD TIME
05/03/2019,ADD DATE,ADD TIME,ADD TIME,ADD TIME,ADD TIME,ADD TIME,ADD TIME
06/03/2019,ADD DATE,ADD TIME,ADD TIME,ADD TIME,ADD TIME,ADD TIME,ADD TIME
07/03/2019,ADD DATE,ADD TIME,ADD TIME,ADD TIME,ADD TIME,ADD TIME,ADD TIME
08/03/2019,ADD DATE,ADD TIME,ADD TIME,ADD TIME,ADD TIME,ADD TIME,ADD TIME
09/03/2019,ADD DATE,ADD TIME,ADD TIME,ADD TIME,ADD TIME,ADD TIME,ADD TIME
10/03/2019,ADD DATE,ADD TIME,ADD TIME,ADD TIME,ADD TIME,ADD TIME,ADD TIME
11/03/2019,ADD DATE,ADD TIME,ADD TIME,ADD TIME,ADD TIME,ADD TIME,ADD TIME
12/03/2019,ADD DATE,ADD TIME,ADD TIME,ADD TIME,ADD TIME,ADD TIME,ADD TIME
13/03/2019,ADD DATE,ADD TIME,ADD TIME,ADD TIME,ADD TIME,ADD TIME,ADD TIME
14/03/2019,ADD DATE,ADD TIME,ADD TIME,ADD TIME,ADD TIME,ADD TIME,ADD TIME
15/03/2019,ADD DATE,ADD TIME,ADD TIME,ADD TIME,ADD TIME,ADD TIME,ADD TIME
16/03/2019,ADD DATE,ADD TIME,ADD TIME,ADD TIME,ADD TIME,ADD TIME,ADD TIME
17/03/2019,ADD DATE,ADD TIME,ADD TIME,ADD TIME,ADD TIME,ADD TIME,ADD TIME
18/03/2019,ADD DATE,ADD TIME,ADD TIME,ADD TIME,ADD TIME,ADD TIME,ADD TIME
19/03/2019,ADD DATE,ADD TIME,ADD TIME,ADD TIME,ADD TIME,ADD TIME,ADD TIME
20/03/2019,ADD DATE,ADD TIME,ADD TIME,ADD TIME,ADD TIME,ADD TIME,ADD TIME
21/03/2019,ADD DATE,ADD TIME,ADD TIME,ADD TIME,ADD TIME,ADD TIME,ADD TIME
22/03/2019,ADD DATE,ADD TIME,ADD TIME,ADD TIME,ADD TIME,ADD TIME,ADD TIME
23/03/2019,ADD DATE,ADD TIME,ADD TIME,ADD TIME,ADD TIME,ADD TIME,ADD TIME
24/03/2019,ADD DATE,ADD TIME,ADD TIME,ADD TIME,ADD TIME,ADD TIME,ADD TIME
25/03/2019,ADD DATE,ADD TIME,ADD TIME,ADD TIME,ADD TIME,ADD TIME,ADD TIME
26/03/2019,ADD DATE,ADD TIME,ADD TIME,ADD TIME,ADD TIME,ADD TIME,ADD TIME
27/03/2019,ADD DATE,ADD TIME,ADD TIME,ADD TIME,ADD TIME,ADD TIME,ADD TIME
28/03/2019,ADD DATE,ADD TIME,ADD TIME,ADD TIME,ADD TIME,ADD TIME,ADD TIME
29/03/2019,ADD DATE,ADD TIME,ADD TIME,ADD TIME,ADD TIME,ADD TIME,ADD TIME
30/03/2019,ADD DATE,ADD TIME,ADD TIME,ADD TIME,ADD TIME,ADD TIME,ADD TIME
31/03/2019,ADD DATE,ADD TIME,ADD TIME,ADD TIME,ADD TIME,ADD TIME,ADD TIME
01/04/2019,ADD DATE,ADD TIME,ADD TIME,ADD TIME,ADD TIME,ADD TIME,ADD TIME
02/04/2019,ADD DATE,ADD TIME,ADD TIME,ADD TIME,ADD TIME,ADD TIME,ADD TIME
03/04/2019,ADD DATE,ADD TIME,ADD TIME,ADD TIME,ADD TIME,ADD TIME,ADD TIME
04/04/2019,ADD DATE,ADD TIME,ADD TIME,ADD TIME,ADD TIME,ADD TIME,ADD TIME
05/04/2019,ADD DATE,ADD TIME,ADD TIME,ADD TIME,ADD TIME,ADD TIME,ADD TIME
06/04/2019,ADD DATE,ADD TIME,ADD TIME,ADD TIME,ADD TIME,ADD TIME,ADD TIME
07/04/2019,ADD DATE,ADD TIME,ADD TIME,ADD TIME,ADD TIME,ADD TIME,ADD TIME
08/04/2019,ADD DATE,ADD TIME,ADD TIME,ADD TIME,ADD TIME,ADD TIME,ADD TIME
09/04/2019,ADD DATE,ADD TIME,ADD TIME,ADD TIME,ADD TIME,ADD TIME,ADD TIME
10/04/2019,ADD DATE,ADD TIME,ADD TIME,ADD TIME,ADD TIME,ADD TIME,ADD TIME
11/04/2019,ADD DATE,ADD TIME,ADD TIME,ADD TIME,ADD TIME,ADD TIME,ADD TIME
12/04/2019,ADD DATE,ADD TIME,ADD TIME,ADD TIME,ADD TIME,ADD TIME,ADD TIME
13/04/2019,ADD DATE,ADD TIME,ADD TIME,ADD TIME,ADD TIME,ADD TIME,ADD TIME
14/04/2019,ADD DATE,ADD TIME,ADD TIME,ADD TIME,ADD TIME,ADD TIME,ADD TIME
15/04/2019,ADD DATE,ADD TIME,ADD TIME,ADD TIME,ADD TIME,ADD TIME,ADD TIME
16/04/2019,ADD DATE,ADD TIME,ADD TIME,ADD TIME,ADD TIME,ADD TIME,ADD TIME
17/04/2019,ADD DATE,ADD TIME,ADD TIME,ADD TIME,ADD TIME,ADD TIME,ADD TIME
18/04/2019,ADD DATE,ADD TIME,ADD TIME,ADD TIME,ADD TIME,ADD TIME,ADD TIME
19/04/2019,ADD DATE,ADD TIME,ADD TIME,ADD TIME,ADD TIME,ADD TIME,ADD TIME
20/04/2019,ADD DATE,ADD TIME,ADD TIME,ADD TIME,ADD TIME,ADD TIME,ADD TIME
21/04/2019,ADD DATE,ADD TIME,ADD TIME,ADD TIME,ADD TIME,ADD TIME,ADD TIME
22/04/2019,ADD DATE,ADD TIME,ADD TIME,ADD TIME,ADD TIME,ADD TIME,ADD TIME
23/04/2019,ADD DATE,ADD TIME,ADD TIME,ADD TIME,ADD TIME,ADD TIME,ADD TIME
24/04/2019,ADD DATE,ADD TIME,ADD TIME,ADD TIME,ADD TIME,ADD TIME,ADD TIME
25/04/2019,ADD DATE,ADD TIME,ADD TIME,ADD TIME,ADD TIME,ADD TIME,ADD TIME
26/04/2019,ADD DATE,ADD TIME,ADD TIME,ADD TIME,ADD TIME,ADD TIME,ADD TIME
27/04/2019,ADD DATE,ADD TIME,ADD TIME,ADD TIME,ADD TIME,ADD TIME,ADD TIME
28/04/2019,ADD DATE,ADD TIME,ADD TIME,ADD TIME,ADD TIME,ADD TIME,ADD TIME
29/04/2019,ADD DATE,ADD TIME,ADD TIME,ADD TIME,ADD TIME,ADD TIME,ADD TIME
30/04/2019,ADD DATE,ADD TIME,ADD TIME,ADD TIME,ADD TIME,ADD TIME,ADD TIME
01/05/2019,ADD DATE,ADD TIME,ADD TIME,ADD TIME,ADD TIME,ADD TIME,ADD TIME
02/05/2019,ADD DATE,ADD TIME,ADD TIME,ADD TIME,ADD TIME,ADD TIME,ADD TIME
03/05/2019,ADD DATE,ADD TIME,ADD TIME,ADD TIME,ADD TIME,ADD TIME,ADD TIME
04/05/2019,ADD DATE,ADD TIME,ADD TIME,ADD TIME,ADD TIME,ADD TIME,ADD TIME
05/05/2019,ADD DATE,ADD TIME,ADD TIME,ADD TIME,ADD TIME,ADD TIME,ADD TIME
06/05/2019,ADD DATE,ADD TIME,ADD TIME,ADD TIME,ADD TIME,ADD TIME,ADD TIME
07/05/2019,ADD DATE,ADD TIME,ADD TIME,ADD TIME,ADD TIME,ADD TIME,ADD TIME
08/05/2019,ADD DATE,ADD TIME,ADD TIME,ADD TIME,ADD TIME,ADD TIME,ADD TIME
09/05/2019,ADD DATE,ADD TIME,ADD TIME,ADD TIME,ADD TIME,ADD TIME,ADD TIME
10/05/2019,ADD DATE,ADD TIME,ADD TIME,ADD TIME,ADD TIME,ADD TIME,ADD TIME
11/05/2019,ADD DATE,ADD TIME,ADD TIME,ADD TIME,ADD TIME,ADD TIME,ADD TIME
12/05/2019,ADD DATE,ADD TIME,ADD TIME,ADD TIME,ADD TIME,ADD TIME,ADD TIME
13/05/2019,ADD DATE,ADD TIME,ADD TIME,ADD TIME,ADD TIME,ADD TIME,ADD TIME
14/05/2019,ADD DATE,ADD TIME,ADD TIME,ADD TIME,ADD TIME,ADD TIME,ADD TIME
15/05/2019,ADD DATE,ADD TIME,ADD TIME,ADD TIME,ADD TIME,ADD TIME,ADD TIME
16/05/2019,ADD DATE,ADD TIME,ADD TIME,ADD TIME,ADD TIME,ADD TIME,ADD TIME
17/05/2019,ADD DATE,ADD TIME,ADD TIME,ADD TIME,ADD TIME,ADD TIME,ADD TIME
18/05/2019,ADD DATE,ADD TIME,ADD TIME,ADD TIME,ADD TIME,ADD TIME,ADD TIME
19/05/2019,ADD DATE,ADD TIME,ADD TIME,ADD TIME,ADD TIME,ADD TIME,ADD TIME
20/05/2019,ADD DATE,ADD TIME,ADD TIME,ADD TIME,ADD TIME,ADD TIME,ADD TIME
21/05/2019,ADD DATE,ADD TIME,ADD TIME,ADD TIME,ADD TIME,ADD TIME,ADD TIME
22/05/2019,ADD DATE,ADD TIME,ADD TIME,ADD TIME,ADD TIME,ADD TIME,ADD TIME
23/05/2019,ADD DATE,ADD TIME,ADD TIME,ADD TIME,ADD TIME,ADD TIME,ADD TIME
24/05/2019,ADD DATE,ADD TIME,ADD TIME,ADD TIME,ADD TIME,ADD TIME,ADD TIME
25/05/2019,ADD DATE,ADD TIME,ADD TIME,ADD TIME,ADD TIME,ADD TIME,ADD TIME
26/05/2019,ADD DATE,ADD TIME,ADD TIME,ADD TIME,ADD TIME,ADD TIME,ADD TIME
27/05/2019,ADD DATE,ADD TIME,ADD TIME,ADD TIME,ADD TIME,ADD TIME,ADD TIME
28/05/2019,ADD DATE,ADD TIME,ADD TIME,ADD TIME,ADD TIME,ADD TIME,ADD TIME
29/05/2019,ADD DATE,ADD TIME,ADD TIME,ADD TIME,ADD TIME,ADD TIME,ADD TIME
30/05/2019,ADD DATE,ADD TIME,ADD TIME,ADD TIME,ADD TIME,ADD TIME,ADD TIME
31/05/2019,ADD DATE,ADD TIME,ADD TIME,ADD TIME,ADD TIME,ADD TIME,ADD TIME
01/06/2019,ADD DATE,ADD TIME,ADD TIME,ADD TIME,ADD TIME,ADD TIME,ADD TIME
02/06/2019,ADD DATE,ADD TIME,ADD TIME,ADD TIME,ADD TIME,ADD TIME,ADD TIME
03/06/2019,ADD DATE,ADD TIME,ADD TIME,ADD TIME,ADD TIME,ADD TIME,ADD TIME
04/06/2019,ADD DATE,ADD TIME,ADD TIME,ADD TIME,ADD TIME,ADD TIME,ADD TIME
05/06/2019,ADD DATE,ADD TIME,ADD TIME,ADD TIME,ADD TIME,ADD TIME,ADD TIME
06/06/2019,ADD DATE,ADD TIME,ADD TIME,ADD TIME,ADD TIME,ADD TIME,ADD TIME
07/06/2019,ADD DATE,ADD TIME,ADD TIME,ADD TIME,ADD TIME,ADD TIME,ADD TIME
08/06/2019,ADD DATE,ADD TIME,ADD TIME,ADD TIME,ADD TIME,ADD TIME,ADD TIME
09/06/2019,ADD DATE,ADD TIME,ADD TIME,ADD TIME,ADD TIME,ADD TIME,ADD TIME
10/06/2019,ADD DATE,ADD TIME,ADD TIME,ADD TIME,ADD TIME,ADD TIME,ADD TIME
11/06/2019,ADD DATE,ADD TIME,ADD TIME,ADD TIME,ADD TIME,ADD TIME,ADD TIME
12/06/2019,ADD DATE,ADD TIME,ADD TIME,ADD TIME,ADD TIME,ADD TIME,ADD TIME
13/06/2019,ADD DATE,ADD TIME,ADD TIME,ADD TIME,ADD TIME,ADD TIME,ADD TIME
14/06/2019,ADD DATE,ADD TIME,ADD TIME,ADD TIME,ADD TIME,ADD TIME,ADD TIME
15/06/2019,ADD DATE,ADD TIME,ADD TIME,ADD TIME,ADD TIME,ADD TIME,ADD TIME
16/06/2019,ADD DATE,ADD TIME,ADD TIME,ADD TIME,ADD TIME,ADD TIME,ADD TIME
17/06/2019,ADD DATE,ADD TIME,ADD TIME,ADD TIME,ADD TIME,ADD TIME,ADD TIME
18/06/2019,ADD DATE,ADD TIME,ADD TIME,ADD TIME,ADD TIME,ADD TIME,ADD TIME
19/06/2019,ADD DATE,ADD TIME,ADD TIME,ADD TIME,ADD TIME,ADD TIME,ADD TIME
20/06/2019,ADD DATE,ADD TIME,ADD TIME,ADD TIME,ADD TIME,ADD TIME,ADD TIME
21/06/2019,ADD DATE,ADD TIME,ADD TIME,ADD TIME,ADD TIME,ADD TIME,ADD TIME
22/06/2019,ADD DATE,ADD TIME,ADD TIME,ADD TIME,ADD TIME,ADD TIME,ADD TIME
23/06/2019,ADD DATE,ADD TIME,ADD TIME,ADD TIME,ADD TIME,ADD TIME,ADD TIME
24/06/2019,ADD DATE,ADD TIME,ADD TIME,ADD TIME,ADD TIME,ADD TIME,ADD TIME
25/06/2019,ADD DATE,ADD TIME,ADD TIME,ADD TIME,ADD TIME,ADD TIME,ADD TIME
26/06/2019,ADD DATE,ADD TIME,ADD TIME,ADD TIME,ADD TIME,ADD TIME,ADD TIME
27/06/2019,ADD DATE,ADD TIME,ADD TIME,ADD TIME,ADD TIME,ADD TIME,ADD TIME
28/06/2019,ADD DATE,ADD TIME,ADD TIME,ADD TIME,ADD TIME,ADD TIME,ADD TIME
29/06/2019,ADD DATE,ADD TIME,ADD TIME,ADD TIME,ADD TIME,ADD TIME,ADD TIME
30/06/2019,ADD DATE,ADD TIME,ADD TIME,ADD TIME,ADD TIME,ADD TIME,ADD TIME
01/07/2019,ADD DATE,ADD TIME,ADD TIME,ADD TIME,ADD TIME,ADD TIME,ADD TIME
02/07/2019,ADD DATE,ADD TIME,ADD TIME,ADD TIME,ADD TIME,ADD TIME,ADD TIME
03/07/2019,ADD DATE,ADD TIME,ADD TIME,ADD TIME,ADD TIME,ADD TIME,ADD TIME
04/07/2019,ADD DATE,ADD TIME,ADD TIME,ADD TIME,ADD TIME,ADD TIME,ADD TIME
05/07/2019,ADD DATE,ADD TIME,ADD TIME,ADD TIME,ADD TIME,ADD TIME,ADD TIME
06/07/2019,ADD DATE,ADD TIME,ADD TIME,ADD TIME,ADD TIME,ADD TIME,ADD TIME
07/07/2019,ADD DATE,ADD TIME,ADD TIME,ADD TIME,ADD TIME,ADD TIME,ADD TIME
08/07/2019,ADD DATE,ADD TIME,ADD TIME,ADD TIME,ADD TIME,ADD TIME,ADD TIME
09/07/2019,ADD DATE,ADD TIME,ADD TIME,ADD TIME,ADD TIME,ADD TIME,ADD TIME
10/07/2019,ADD DATE,ADD TIME,ADD TIME,ADD TIME,ADD TIME,ADD TIME,ADD TIME
11/07/2019,ADD DATE,ADD TIME,ADD TIME,ADD TIME,ADD TIME,ADD TIME,ADD TIME
12/07/2019,ADD DATE,ADD TIME,ADD TIME,ADD TIME,ADD TIME,ADD TIME,ADD TIME
13/07/2019,ADD DATE,ADD TIME,ADD TIME,ADD TIME,ADD TIME,ADD TIME,ADD TIME
14/07/2019,ADD DATE,ADD TIME,ADD TIME,ADD TIME,ADD TIME,ADD TIME,ADD TIME
15/07/2019,ADD DATE,ADD TIME,ADD TIME,ADD TIME,ADD TIME,ADD TIME,ADD TIME
16/07/2019,ADD DATE,ADD TIME,ADD TIME,ADD TIME,ADD TIME,ADD TIME,ADD TIME
17/07/2019,ADD DATE,ADD TIME,ADD TIME,ADD TIME,ADD TIME,ADD TIME,ADD TIME
18/07/2019,ADD DATE,ADD TIME,ADD TIME,ADD TIME,ADD TIME,ADD TIME,ADD TIME
19/07/2019,ADD DATE,ADD TIME,ADD TIME,ADD TIME,ADD TIME,ADD TIME,ADD TIME
20/07/2019,ADD DATE,ADD TIME,ADD TIME,ADD TIME,ADD TIME,ADD TIME,ADD TIME
21/07/2019,ADD DATE,ADD TIME,ADD TIME,ADD TIME,ADD TIME,ADD TIME,ADD TIME
22/07/2019,ADD DATE,ADD TIME,ADD TIME,ADD TIME,ADD TIME,ADD TIME,ADD TIME
23/07/2019,ADD DATE,ADD TIME,ADD TIME,ADD TIME,ADD TIME,ADD TIME,ADD TIME
24/07/2019,ADD DATE,ADD TIME,ADD TIME,ADD TIME,ADD TIME,ADD TIME,ADD TIME
25/07/2019,ADD DATE,ADD TIME,ADD TIME,ADD TIME,ADD TIME,ADD TIME,ADD TIME
26/07/2019,ADD DATE,ADD TIME,ADD TIME,ADD TIME,ADD TIME,ADD TIME,ADD TIME
27/07/2019,ADD DATE,ADD TIME,ADD TIME,ADD TIME,ADD TIME,ADD TIME,ADD TIME
28/07/2019,ADD DATE,ADD TIME,ADD TIME,ADD TIME,ADD TIME,ADD TIME,ADD TIME
29/07/2019,ADD DATE,ADD TIME,ADD TIME,ADD TIME,ADD TIME,ADD TIME,ADD TIME
30/07/2019,ADD DATE,ADD TIME,ADD TIME,ADD TIME,ADD TIME,ADD TIME,ADD TIME
31/07/2019,ADD DATE,ADD TIME,ADD TIME,ADD TIME,ADD TIME,ADD TIME,ADD TIME
01/08/2019,ADD DATE,ADD TIME,ADD TIME,ADD TIME,ADD TIME,ADD TIME,ADD TIME
02/08/2019,ADD DATE,ADD TIME,ADD TIME,ADD TIME,ADD TIME,ADD TIME,ADD TIME
03/08/2019,ADD DATE,ADD TIME,ADD TIME,ADD TIME,ADD TIME,ADD TIME,ADD TIME
04/08/2019,ADD DATE,ADD TIME,ADD TIME,ADD TIME,ADD TIME,ADD TIME,ADD TIME
05/08/2019,ADD DATE,ADD TIME,ADD TIME,ADD TIME,ADD TIME,ADD TIME,ADD TIME
06/08/2019,ADD DATE,ADD TIME,ADD TIME,ADD TIME,ADD TIME,ADD TIME,ADD TIME
07/08/2019,ADD DATE,ADD TIME,ADD TIME,ADD TIME,ADD TIME,ADD TIME,ADD TIME
08/08/2019,ADD DATE,ADD TIME,ADD TIME,ADD TIME,ADD TIME,ADD TIME,ADD TIME
09/08/2019,ADD DATE,ADD TIME,ADD TIME,ADD TIME,ADD TIME,ADD TIME,ADD TIME
10/08/2019,ADD DATE,ADD TIME,ADD TIME,ADD TIME,ADD TIME,ADD TIME,ADD TIME
11/08/2019,ADD DATE,ADD TIME,ADD TIME,ADD TIME,ADD TIME,ADD TIME,ADD TIME
12/08/2019,ADD DATE,ADD TIME,ADD TIME,ADD TIME,ADD TIME,ADD TIME,ADD TIME
13/08/2019,ADD DATE,ADD TIME,ADD TIME,ADD TIME,ADD TIME,ADD TIME,ADD TIME
14/08/2019,ADD DATE,ADD TIME,ADD TIME,ADD TIME,ADD TIME,ADD TIME,ADD TIME
15/08/2019,ADD DATE,ADD TIME,ADD TIME,ADD TIME,ADD TIME,ADD TIME,ADD TIME
16/08/2019,ADD DATE,ADD TIME,ADD TIME,ADD TIME,ADD TIME,ADD TIME,ADD TIME
17/08/2019,ADD DATE,ADD TIME,ADD TIME,ADD TIME,ADD TIME,ADD TIME,ADD TIME
18/08/2019,ADD DATE,ADD TIME,ADD TIME,ADD TIME,ADD TIME,ADD TIME,ADD TIME
19/08/2019,ADD DATE,ADD TIME,ADD TIME,ADD TIME,ADD TIME,ADD TIME,ADD TIME
20/08/2019,ADD DATE,ADD TIME,ADD TIME,ADD TIME,ADD TIME,ADD TIME,ADD TIME
21/08/2019,ADD DATE,ADD TIME,ADD TIME,ADD TIME,ADD TIME,ADD TIME,ADD TIME
22/08/2019,ADD DATE,ADD TIME,ADD TIME,ADD TIME,ADD TIME,ADD TIME,ADD TIME
23/08/2019,ADD DATE,ADD TIME,ADD TIME,ADD TIME,ADD TIME,ADD TIME,ADD TIME
24/08/2019,ADD DATE,ADD TIME,ADD TIME,ADD TIME,ADD TIME,ADD TIME,ADD TIME
25/08/2019,ADD DATE,ADD TIME,ADD TIME,ADD TIME,ADD TIME,ADD TIME,ADD TIME
26/08/2019,ADD DATE,ADD TIME,ADD TIME,ADD TIME,ADD TIME,ADD TIME,ADD TIME
27/08/2019,ADD DATE,ADD TIME,ADD TIME,ADD TIME,ADD TIME,ADD TIME,ADD TIME
28/08/2019,ADD DATE,ADD TIME,ADD TIME,ADD TIME,ADD TIME,ADD TIME,ADD TIME
29/08/2019,ADD DATE,ADD TIME,ADD TIME,ADD TIME,ADD TIME,ADD TIME,ADD TIME
30/08/2019,ADD DATE,ADD TIME,ADD TIME,ADD TIME,ADD TIME,ADD TIME,ADD TIME
31/08/2019,ADD DATE,ADD TIME,ADD TIME,ADD TIME,ADD TIME,ADD TIME,ADD TIME
01/09/2019,ADD DATE,ADD TIME,ADD TIME,ADD TIME,ADD TIME,ADD TIME,ADD TIME
02/09/2019,ADD DATE,ADD TIME,ADD TIME,ADD TIME,ADD TIME,ADD TIME,ADD TIME
03/09/2019,ADD DATE,ADD TIME,ADD TIME,ADD TIME,ADD TIME,ADD TIME,ADD TIME
04/09/2019,ADD DATE,ADD TIME,ADD TIME,ADD TIME,ADD TIME,ADD TIME,ADD TIME
05/09/2019,ADD DATE,ADD TIME,ADD TIME,ADD TIME,ADD TIME,ADD TIME,ADD TIME
06/09/2019,ADD DATE,ADD TIME,ADD TIME,ADD TIME,ADD TIME,ADD TIME,ADD TIME
07/09/2019,ADD DATE,ADD TIME,ADD TIME,ADD TIME,ADD TIME,ADD TIME,ADD TIME
08/09/2019,ADD DATE,ADD TIME,ADD TIME,ADD TIME,ADD TIME,ADD TIME,ADD TIME
09/09/2019,ADD DATE,ADD TIME,ADD TIME,ADD TIME,ADD TIME,ADD TIME,ADD TIME
10/09/2019,ADD DATE,ADD TIME,ADD TIME,ADD TIME,ADD TIME,ADD TIME,ADD TIME
11/09/2019,ADD DATE,ADD TIME,ADD TIME,ADD TIME,ADD TIME,ADD TIME,ADD TIME
12/09/2019,ADD DATE,ADD TIME,ADD TIME,ADD TIME,ADD TIME,ADD TIME,ADD TIME
13/09/2019,ADD DATE,ADD TIME,ADD TIME,ADD TIME,ADD TIME,ADD TIME,ADD TIME
14/09/2019,ADD DATE,ADD TIME,ADD TIME,ADD TIME,ADD TIME,ADD TIME,ADD TIME
15/09/2019,ADD DATE,ADD TIME,ADD TIME,ADD TIME,ADD TIME,ADD TIME,ADD TIME
16/09/2019,ADD DATE,ADD TIME,ADD TIME,ADD TIME,ADD TIME,ADD TIME,ADD TIME
17/09/2019,ADD DATE,ADD TIME,ADD TIME,ADD TIME,ADD TIME,ADD TIME,ADD TIME
18/09/2019,ADD DATE,ADD TIME,ADD TIME,ADD TIME,ADD TIME,ADD TIME,ADD TIME
19/09/2019,ADD DATE,ADD TIME,ADD TIME,ADD TIME,ADD TIME,ADD TIME,ADD TIME
20/09/2019,ADD DATE,ADD TIME,ADD TIME,ADD TIME,ADD TIME,ADD TIME,ADD TIME
21/09/2019,ADD DATE,ADD TIME,ADD TIME,ADD TIME,ADD TIME,ADD TIME,ADD TIME
22/09/2019,ADD DATE,ADD TIME,ADD TIME,ADD TIME,ADD TIME,ADD TIME,ADD TIME
23/09/2019,ADD DATE,ADD TIME,ADD TIME,ADD TIME,ADD TIME,ADD TIME,ADD TIME
24/09/2019,ADD DATE,ADD TIME,ADD TIME,ADD TIME,ADD TIME,ADD TIME,ADD TIME
25/09/2019,ADD DATE,ADD TIME,ADD TIME,ADD TIME,ADD TIME,ADD TIME,ADD TIME
26/09/2019,ADD DATE,ADD TIME,ADD TIME,ADD TIME,ADD TIME,ADD TIME,ADD TIME
27/09/2019,ADD DATE,ADD TIME,ADD TIME,ADD TIME,ADD TIME,ADD TIME,ADD TIME
28/09/2019,ADD DATE,ADD TIME,ADD TIME,ADD TIME,ADD TIME,ADD TIME,ADD TIME
29/09/2019,ADD DATE,ADD TIME,ADD TIME,ADD TIME,ADD TIME,ADD TIME,ADD TIME
30/09/2019,ADD DATE,ADD TIME,ADD TIME,ADD TIME,ADD TIME,ADD TIME,ADD TIME
01/10/2019,ADD DATE,ADD TIME,ADD TIME,ADD TIME,ADD TIME,ADD TIME,ADD TIME
02/10/2019,ADD DATE,ADD TIME,ADD TIME,ADD TIME,ADD TIME,ADD TIME,ADD TIME
03/10/2019,ADD DATE,ADD TIME,ADD TIME,ADD TIME,ADD TIME,ADD TIME,ADD TIME
04/10/2019,ADD DATE,ADD TIME,ADD TIME,ADD TIME,ADD TIME,ADD TIME,ADD TIME
05/10/2019,ADD DATE,ADD TIME,ADD TIME,ADD TIME,ADD TIME,ADD TIME,ADD TIME
06/10/2019,ADD DATE,ADD TIME,ADD TIME,ADD TIME,ADD TIME,ADD TIME,ADD TIME
07/10/2019,ADD DATE,ADD TIME,ADD TIME,ADD TIME,ADD TIME,ADD TIME,ADD TIME
08/10/2019,ADD DATE,ADD TIME,ADD TIME,ADD TIME,ADD TIME,ADD TIME,ADD TIME
09/10/2019,ADD DATE,ADD TIME,ADD TIME,ADD TIME,ADD TIME,ADD TIME,ADD TIME
10/10/2019,ADD DATE,ADD TIME,ADD TIME,ADD TIME,ADD TIME,ADD TIME,ADD TIME
11/10/2019,ADD DATE,ADD TIME,ADD TIME,ADD TIME,ADD TIME,ADD TIME,ADD TIME
12/10/2019,ADD DATE,ADD TIME,ADD TIME,ADD TIME,ADD TIME,ADD TIME,ADD TIME
13/10/2019,ADD DATE,ADD TIME,ADD TIME,ADD TIME,ADD TIME,ADD TIME,ADD TIME
14/10/2019,ADD DATE,ADD TIME,ADD TIME,ADD TIME,ADD TIME,ADD TIME,ADD TIME
15/10/2019,ADD DATE,ADD TIME,ADD TIME,ADD TIME,ADD TIME,ADD TIME,ADD TIME
16/10/2019,ADD DATE,ADD TIME,ADD TIME,ADD TIME,ADD TIME,ADD TIME,ADD TIME
17/10/2019,ADD DATE,ADD TIME,ADD TIME,ADD TIME,ADD TIME,ADD TIME,ADD TIME
18/10/2019,ADD DATE,ADD TIME,ADD TIME,ADD TIME,ADD TIME,ADD TIME,ADD TIME
19/10/2019,ADD DATE,ADD TIME,ADD TIME,ADD TIME,ADD TIME,ADD TIME,ADD TIME
20/10/2019,ADD DATE,ADD TIME,ADD TIME,ADD TIME,ADD TIME,ADD TIME,ADD TIME
21/10/2019,ADD DATE,ADD TIME,ADD TIME,ADD TIME,ADD TIME,ADD TIME,ADD TIME
22/10/2019,ADD DATE,ADD TIME,ADD TIME,ADD TIME,ADD TIME,ADD TIME,ADD TIME
23/10/2019,ADD DATE,ADD TIME,ADD TIME,ADD TIME,ADD TIME,ADD TIME,ADD TIME
24/10/2019,ADD DATE,ADD TIME,ADD TIME,ADD TIME,ADD TIME,ADD TIME,ADD TIME
25/10/2019,ADD DATE,ADD TIME,ADD TIME,ADD TIME,ADD TIME,ADD TIME,ADD TIME
26/10/2019,ADD DATE,ADD TIME,ADD TIME,ADD TIME,ADD TIME,ADD TIME,ADD TIME
27/10/2019,ADD DATE,ADD TIME,ADD TIME,ADD TIME,ADD TIME,ADD TIME,ADD TIME
28/10/2019,ADD DATE,ADD TIME,ADD TIME,ADD TIME,ADD TIME,ADD TIME,ADD TIME
29/10/2019,ADD DATE,ADD TIME,ADD TIME,ADD TIME,ADD TIME,ADD TIME,ADD TIME
30/10/2019,ADD DATE,ADD TIME,ADD TIME,ADD TIME,ADD TIME,ADD TIME,ADD TIME
31/10/2019,ADD DATE,ADD TIME,ADD TIME,ADD TIME,ADD TIME,ADD TIME,ADD TIME
01/11/2019,ADD DATE,ADD TIME,ADD TIME,ADD TIME,ADD TIME,ADD TIME,ADD TIME
02/11/2019,ADD DATE,ADD TIME,ADD TIME,ADD TIME,ADD TIME,ADD TIME,ADD TIME
03/11/2019,ADD DATE,ADD TIME,ADD TIME,ADD TIME,ADD TIME,ADD TIME,ADD TIME
04/11/2019,ADD DATE,ADD TIME,ADD TIME,ADD TIME,ADD TIME,ADD TIME,ADD TIME
05/11/2019,ADD DATE,ADD TIME,ADD TIME,ADD TIME,ADD TIME,ADD TIME,ADD TIME
06/11/2019,ADD DATE,ADD TIME,ADD TIME,ADD TIME,ADD TIME,ADD TIME,ADD TIME
07/11/2019,ADD DATE,ADD TIME,ADD TIME,ADD TIME,ADD TIME,ADD TIME,ADD TIME
08/11/2019,ADD DATE,ADD TIME,ADD TIME,ADD TIME,ADD TIME,ADD TIME,ADD TIME
09/11/2019,ADD DATE,ADD TIME,ADD TIME,ADD TIME,ADD TIME,ADD TIME,ADD TIME
10/11/2019,ADD DATE,ADD TIME,ADD TIME,ADD TIME,ADD TIME,ADD TIME,ADD TIME
11/11/2019,ADD DATE,ADD TIME,ADD TIME,ADD TIME,ADD TIME,ADD TIME,ADD TIME
12/11/2019,ADD DATE,ADD TIME,ADD TIME,ADD TIME,ADD TIME,ADD TIME,ADD TIME
13/11/2019,ADD DATE,ADD TIME,ADD TIME,ADD TIME,ADD TIME,ADD TIME,ADD TIME
14/11/2019,ADD DATE,ADD TIME,ADD TIME,ADD TIME,ADD TIME,ADD TIME,ADD TIME
15/11/2019,ADD DATE,ADD TIME,ADD TIME,ADD TIME,ADD TIME,ADD TIME,ADD TIME
16/11/2019,ADD DATE,ADD TIME,ADD TIME,ADD TIME,ADD TIME,ADD TIME,ADD TIME
17/11/2019,ADD DATE,ADD TIME,ADD TIME,ADD TIME,ADD TIME,ADD TIME,ADD TIME
18/11/2019,ADD DATE,ADD TIME,ADD TIME,ADD TIME,ADD TIME,ADD TIME,ADD TIME
19/11/2019,ADD DATE,ADD TIME,ADD TIME,ADD TIME,ADD TIME,ADD TIME,ADD TIME
20/11/2019,ADD DATE,ADD TIME,ADD TIME,ADD TIME,ADD TIME,ADD TIME,ADD TIME
21/11/2019,ADD DATE,ADD TIME,ADD TIME,ADD TIME,ADD TIME,ADD TIME,ADD TIME
22/11/2019,ADD DATE,ADD TIME,ADD TIME,ADD TIME,ADD TIME,ADD TIME,ADD TIME
23/11/2019,ADD DATE,ADD TIME,ADD TIME,ADD TIME,ADD TIME,ADD TIME,ADD TIME
24/11/2019,ADD DATE,ADD TIME,ADD TIME,ADD TIME,ADD TIME,ADD TIME,ADD TIME
25/11/2019,ADD DATE,ADD TIME,ADD TIME,ADD TIME,ADD TIME,ADD TIME,ADD TIME
26/11/2019,ADD DATE,ADD TIME,ADD TIME,ADD TIME,ADD TIME,ADD TIME,ADD TIME
27/11/2019,ADD DATE,ADD TIME,ADD TIME,ADD TIME,ADD TIME,ADD TIME,ADD TIME
28/11/2019,ADD DATE,ADD TIME,ADD TIME,ADD TIME,ADD TIME,ADD TIME,ADD TIME
29/11/2019,ADD DATE,ADD TIME,ADD TIME,ADD TIME,ADD TIME,ADD TIME,ADD TIME
30/11/2019,ADD DATE,ADD TIME,ADD TIME,ADD TIME,ADD TIME,ADD TIME,ADD TIME
01/12/2019,ADD DATE,ADD TIME,ADD TIME,ADD TIME,ADD TIME,ADD TIME,ADD TIME
02/12/2019,ADD DATE,ADD TIME,ADD TIME,ADD TIME,ADD TIME,ADD TIME,ADD TIME
03/12/2019,ADD DATE,ADD TIME,ADD TIME,ADD TIME,ADD TIME,ADD TIME,ADD TIME
04/12/2019,ADD DATE,ADD TIME,ADD TIME,ADD TIME,ADD TIME,ADD TIME,ADD TIME
05/12/2019,ADD DATE,ADD TIME,ADD TIME,ADD TIME,ADD TIME,ADD TIME,ADD TIME
06/12/2019,ADD DATE,ADD TIME,ADD TIME,ADD TIME,ADD TIME,ADD TIME,ADD TIME
07/12/2019,ADD DATE,ADD TIME,ADD TIME,ADD TIME,ADD TIME,ADD TIME,ADD TIME
08/12/2019,ADD DATE,ADD TIME,ADD TIME,ADD TIME,ADD TIME,ADD TIME,ADD TIME
09/12/2019,ADD DATE,ADD TIME,ADD TIME,ADD TIME,ADD TIME,ADD TIME,ADD TIME
10/12/2019,ADD DATE,ADD TIME,ADD TIME,ADD TIME,ADD TIME,ADD TIME,ADD TIME
11/12/2019,ADD DATE,ADD TIME,ADD TIME,ADD TIME,ADD TIME,ADD TIME,ADD TIME
12/12/2019,ADD DATE,ADD TIME,ADD TIME,ADD TIME,ADD TIME,ADD TIME,ADD TIME
13/12/2019,ADD DATE,ADD TIME,ADD TIME,ADD TIME,ADD TIME,ADD TIME,ADD TIME
14/12/2019,ADD DATE,ADD TIME,ADD TIME,ADD TIME,ADD TIME,ADD TIME,ADD TIME
15/12/2019,ADD DATE,ADD TIME,ADD TIME,ADD TIME,ADD TIME,ADD TIME,ADD TIME
16/12/2019,ADD DATE,ADD TIME,ADD TIME,ADD TIME,ADD TIME,ADD TIME,ADD TIME
17/12/2019,ADD DATE,ADD TIME,ADD TIME,ADD TIME,ADD TIME,ADD TIME,ADD TIME
18/12/2019,ADD DATE,ADD TIME,ADD TIME,ADD TIME,ADD TIME,ADD TIME,ADD TIME
19/12/2019,ADD DATE,ADD TIME,ADD TIME,ADD TIME,ADD TIME,ADD TIME,ADD TIME
20/12/2019,ADD DATE,ADD TIME,ADD TIME,ADD TIME,ADD TIME,ADD TIME,ADD TIME
21/12/2019,ADD DATE,ADD TIME,ADD TIME,ADD TIME,ADD TIME,ADD TIME,ADD TIME
22/12/2019,ADD DATE,ADD TIME,ADD TIME,ADD TIME,ADD TIME,ADD TIME,ADD TIME
23/12/2019,ADD DATE,ADD TIME,ADD TIME,ADD TIME,ADD TIME,ADD TIME,ADD TIME
24/12/2019,ADD DATE,ADD TIME,ADD TIME,ADD TIME,ADD TIME,ADD TIME,ADD TIME
25/12/2019,ADD DATE,ADD TIME,ADD TIME,ADD TIME,ADD TIME,ADD TIME,ADD TIME
26/12/2019,ADD DATE,ADD TIME,ADD TIME,ADD TIME,ADD TIME,ADD TIME,ADD TIME
27/12/2019,ADD DATE,ADD TIME,ADD TIME,ADD TIME,ADD TIME,ADD TIME,ADD TIME
28/12/2019,ADD DATE,ADD TIME,ADD TIME,ADD TIME,ADD TIME,ADD TIME,ADD TIME
29/12/2019,ADD DATE,ADD TIME,ADD TIME,ADD TIME,ADD TIME,ADD TIME,ADD TIME
30/12/2019,ADD DATE,ADD TIME,ADD TIME,ADD TIME,ADD TIME,ADD TIME,ADD TIME
31/12/2019,ADD DATE,ADD TIME,ADD TIME,ADD TIME,ADD TIME,ADD TIME,ADD TIME
